path	ref	commit	blob
lean/B3PresentedGroup.lean	refs/remotes/upstream/agent/amari-zorn-commutator-bridge	8cd3e260a44326d0ecb286d86c8da8f132fdb397	41f816d6f7e0468d092d8da26ab59b742c2fec69
lean/InfoGeometry/Algebra/Zorn/G2ExportedFlagGeneratorAction.lean	refs/remotes/upstream/agent/doubled-matrix-clock-bridge	8a4531fc2820bd378d4996bca0ae8ee7b4df9319	2825722227c27c48c73f743afbeb45267e885761
lean/InfoGeometry/Algebra/Zorn/G2ExportedFlagPermutationGroup.lean	refs/remotes/upstream/agent/doubled-matrix-clock-bridge	8a4531fc2820bd378d4996bca0ae8ee7b4df9319	37c2fabd550c7d88d9a1260764097c4aa29f1f20
lean/InfoGeometry/Arithmetic/RiemannApolloniusCorrectedDiagnostics.lean	refs/remotes/upstream/apollonius-lambda-dag-topological-closure	ce2c52813f16b860fa16b0534bafa3b6b7e7f566	56962abcde7dd110471f29d0ba461b066666c0d0
lean/InfoGeometry/Assumptions/IB.lean	refs/remotes/upstream/codex/add-blueprint-tag-generation-script	03340e23fc58e4ec7ed7770e668a94cd782f5569	c6194a178109cb2fb616d094aacc822d0bac62d0
lean/InfoGeometry/AuditStrict.lean	refs/remotes/upstream/consolidate/class2	853ee0baa46be4db5d1fc1726ba1374bc02c9e5d	e9bc698a748351213ef3ff287751a12d327ec15c
lean/InfoGeometry/Canonical/AlgorithmicThermodynamicColimitDualityCapstone.lean	refs/remotes/upstream/apollonius-lambda-dag-topological-closure	ce2c52813f16b860fa16b0534bafa3b6b7e7f566	2eb94e1015214b268b86c2520f2dafe9315656c1
lean/InfoGeometry/Canonical/ApolloniusCylinderLightConeCapstone.lean	refs/remotes/upstream/apollonius-lambda-dag-topological-closure	ce2c52813f16b860fa16b0534bafa3b6b7e7f566	5754612e7bec0433dc7cf020da702120ac4ea789
lean/InfoGeometry/Canonical/ApolloniusLambdaDAGDiagnostics.lean	refs/remotes/upstream/apollonius-lambda-dag-topological-closure	ce2c52813f16b860fa16b0534bafa3b6b7e7f566	a934c63ef8cc696d8370bb26fd134d3f1ec9cdaa
lean/InfoGeometry/Canonical/ApolloniusMasterPotentialDiagnostics.lean	refs/remotes/upstream/apollonius-lambda-dag-topological-closure	ce2c52813f16b860fa16b0534bafa3b6b7e7f566	2f5a83f9945d915b2ee8748fe7aed841395e4f91
lean/InfoGeometry/Canonical/BostConnesCrossedProductCyclotomicKMSCapstone.lean	refs/remotes/upstream/apollonius-lambda-dag-topological-closure	ce2c52813f16b860fa16b0534bafa3b6b7e7f566	c480f7e0f3fcdfd337871b6ab3d6df09e58a8b37
lean/InfoGeometry/Canonical/BostConnesSymmetryBreakingCapstone.lean	refs/remotes/upstream/apollonius-lambda-dag-topological-closure	ce2c52813f16b860fa16b0534bafa3b6b7e7f566	04b4f8391d59b8bcfdb2ea08ce4beb1b142370db
lean/InfoGeometry/Canonical/GLSupermatrixGradedLie.lean	refs/remotes/upstream/gl-supermatrix-graded-lie	5d8f7e0010743cb5c691d1d9bc06211bc2094d06	fc0c0cfb414c4d30d689a1206f63c7999fe5db03
lean/InfoGeometry/Canonical/GrandUnificationCapstone.lean	refs/remotes/upstream/apollonius-lambda-dag-topological-closure	ce2c52813f16b860fa16b0534bafa3b6b7e7f566	49f78e9c9f0c7d2f1ae612e02439781dd5afa2a8
lean/InfoGeometry/Canonical/GrandUnifiedQuantumArithmeticHologramCapstone.lean	refs/remotes/upstream/apollonius-lambda-dag-topological-closure	ce2c52813f16b860fa16b0534bafa3b6b7e7f566	73bbe0ccb0ea18e5f7ca6e2097d1f159fff04821
lean/InfoGeometry/Canonical/HestenesModularKMSBridgeCapstone.lean	refs/remotes/upstream/apollonius-lambda-dag-topological-closure	ce2c52813f16b860fa16b0534bafa3b6b7e7f566	65c6d9e106099e8d04e294629a9ae1965966eb59
lean/InfoGeometry/Canonical/InductiveLimitTraceKMSStateCapstone.lean	refs/remotes/upstream/apollonius-lambda-dag-topological-closure	ce2c52813f16b860fa16b0534bafa3b6b7e7f566	616500a9e646b9a02c450e1cd50b39eb99c08174
lean/InfoGeometry/Canonical/LeeYangAsanoKleinV4CompactificationCapstone.lean	refs/remotes/upstream/apollonius-lambda-dag-topological-closure	ce2c52813f16b860fa16b0534bafa3b6b7e7f566	6c718e40fc29a16890b87e760fb96ffda87e7079
lean/InfoGeometry/Canonical/MontgomeryDysonG2Capstone.lean	refs/remotes/upstream/apollonius-lambda-dag-topological-closure	ce2c52813f16b860fa16b0534bafa3b6b7e7f566	505195b32092388681017129fd13b8842af666bd
lean/InfoGeometry/Canonical/NHSEChain.lean	refs/remotes/upstream/fusion/upstream-intake-20260419	8a21ddf205515edba35832f9cffc3ce50698e126	ccc5366bb90830ac10e557ce75525db17df8564b
lean/InfoGeometry/Canonical/NarainTamagawaCapstone.lean	refs/remotes/upstream/apollonius-lambda-dag-topological-closure	ce2c52813f16b860fa16b0534bafa3b6b7e7f566	10d7316c54d5cf5e69fe39d73eaff1ec2b845933
lean/InfoGeometry/Canonical/NonAbelianSL2ExtensionCapstone.lean	refs/remotes/upstream/apollonius-lambda-dag-topological-closure	ce2c52813f16b860fa16b0534bafa3b6b7e7f566	20e18b8e0f940fa76becb55e55e89bb51af6929e
lean/InfoGeometry/Canonical/OperatorCliffordWeylCurvatureCapstone.lean	refs/remotes/upstream/logcft-tensor-coherence-dag	69ff776fd673681792ea2211b34c7cd7d9c4d91a	fcff6c1b9acd460b9988c821f0532799d1c4f77d
lean/InfoGeometry/Canonical/OperatorOddCliffordPauliLubanskiBridge.lean	refs/remotes/upstream/logcft-tensor-coherence-dag	69ff776fd673681792ea2211b34c7cd7d9c4d91a	e47bab6976da149710bc0e9e1cb66729c88ba7ab
lean/InfoGeometry/Canonical/OperatorPauliLubanskiLift.lean	refs/remotes/upstream/logcft-tensor-coherence-dag	69ff776fd673681792ea2211b34c7cd7d9c4d91a	e52c1a0a4a00d69d0d2365d30c8fe8c2e02ec653
lean/InfoGeometry/Canonical/OperatorPauliLubanskiMassiveWigner.lean	refs/remotes/upstream/logcft-tensor-coherence-dag	69ff776fd673681792ea2211b34c7cd7d9c4d91a	0259da4d078d0746f038b5dacf9b70334f4e3384
lean/InfoGeometry/Canonical/OperatorPauliLubanskiWignerCapstone.lean	refs/remotes/upstream/logcft-tensor-coherence-dag	69ff776fd673681792ea2211b34c7cd7d9c4d91a	6092fe114d4429c48928c40c7026ea5201d998fa
lean/InfoGeometry/Canonical/OperatorQuaternionicLiftCapstone.lean	refs/remotes/upstream/logcft-natural-two-object-braiding-v3	1d7ab04e8a2e0fb136a121657dfc1036290648ff	0a34097c410a0e0aee84f9fd7c13a7f669ed6cfc
lean/InfoGeometry/Canonical/OperatorThermodynamicsCapstone.lean	refs/remotes/upstream/apollonius-lambda-dag-topological-closure	ce2c52813f16b860fa16b0534bafa3b6b7e7f566	8b60c75527feb8aa887ac8808d72b8ab1c5c874c
lean/InfoGeometry/Canonical/OperatorThermodynamicsMassieuCapstone.lean	refs/remotes/upstream/apollonius-lambda-dag-topological-closure	ce2c52813f16b860fa16b0534bafa3b6b7e7f566	26a4ee9c80ad56a8eefa33b416cc1732d8de197b
lean/InfoGeometry/Canonical/OperatorWeylChiralCurvatureBlocks.lean	refs/remotes/upstream/logcft-tensor-coherence-dag	69ff776fd673681792ea2211b34c7cd7d9c4d91a	a7d270bc489f1b7d8544ea4d1a7569b427399dde
lean/InfoGeometry/Canonical/OperatorWeylChiralCurvatureResidue.lean	refs/remotes/upstream/logcft-tensor-coherence-dag	69ff776fd673681792ea2211b34c7cd7d9c4d91a	8e0e1c9bb916d65de666ddbc446205fc0edecba1
lean/InfoGeometry/Canonical/OperatorZornFourfoldPeirce.lean	refs/remotes/upstream/operator-zorn-twin-cyclotomic-reconstruction	fa02115fb390b57ee55e02ee226c399a433a7c7b	55ec089774e1edc458314fe7fa8cfd2a253029ac
lean/InfoGeometry/Canonical/OperatorZornTwinCyclotomic.lean	refs/remotes/upstream/operator-zorn-twin-cyclotomic-reconstruction	fa02115fb390b57ee55e02ee226c399a433a7c7b	40d9beb6c2732260fb9aa890a6db66367eefd81d
lean/InfoGeometry/Canonical/OptimalMetricGraphEmbeddingBridge.lean	refs/remotes/upstream/copilot/add-heisenberg-to-five-grading-bridge	9a77a23897e86ad2a86b5c6884f987b6fb0b919b	2a304fcb8372ebe1ed243562b4ed8347701b012a
lean/InfoGeometry/Canonical/PhotonicCircuit.lean	refs/remotes/upstream/fusion/upstream-intake-20260419	8a21ddf205515edba35832f9cffc3ce50698e126	f2185b7b8944ce7363f3bfb9027e41a3f7fdb788
lean/InfoGeometry/Canonical/PhotonicSOI.lean	refs/remotes/upstream/fusion/upstream-intake-20260419	8a21ddf205515edba35832f9cffc3ce50698e126	1d95674d827754d1aaa8edefc3ced147de23d8ca
lean/InfoGeometry/Canonical/PhysicalLanglandsHolonomyCapstone.lean	refs/remotes/upstream/apollonius-lambda-dag-topological-closure	ce2c52813f16b860fa16b0534bafa3b6b7e7f566	d5a8ae13de1fe1c3cda5dd7ad2e95e154588937b
lean/InfoGeometry/Canonical/PrimeSUSYVacuumCapstone.lean	refs/remotes/upstream/apollonius-lambda-dag-topological-closure	ce2c52813f16b860fa16b0534bafa3b6b7e7f566	ba5772fa14f33ec8d8fa56233806377acacdb8c3
lean/InfoGeometry/Canonical/PrimeSUSYVacuumMajoranaSocketCapstone.lean	refs/remotes/upstream/apollonius-lambda-dag-topological-closure	ce2c52813f16b860fa16b0534bafa3b6b7e7f566	f3221c52fcb9d89ded39740aa702dae766e21e28
lean/InfoGeometry/Canonical/PrimeSUSYVacuumWitness.lean	refs/remotes/upstream/apollonius-lambda-dag-topological-closure	ce2c52813f16b860fa16b0534bafa3b6b7e7f566	4f5a10ac12b3faff6f45e445b4fdc24d3723c59a
lean/InfoGeometry/Canonical/PrimeVirasoroWardCapstone.lean	refs/remotes/upstream/apollonius-lambda-dag-topological-closure	ce2c52813f16b860fa16b0534bafa3b6b7e7f566	b5d4b6c72d1f030a10a0f3fd6cb5452ec708df98
lean/InfoGeometry/Canonical/PrimonColimitFiltrationCapstone.lean	refs/remotes/upstream/apollonius-lambda-dag-topological-closure	ce2c52813f16b860fa16b0534bafa3b6b7e7f566	5b81e72e4f41f2077418e041915e0dbe0a876236
lean/InfoGeometry/Canonical/PrimonThermodynamicEnergyDerivCapstone.lean	refs/remotes/upstream/apollonius-lambda-dag-topological-closure	ce2c52813f16b860fa16b0534bafa3b6b7e7f566	621c1319cb95de725a2d03b20a8a5f05207b374e
lean/InfoGeometry/Canonical/PrimonThermodynamicObservablesCapstone.lean	refs/remotes/upstream/apollonius-lambda-dag-topological-closure	ce2c52813f16b860fa16b0534bafa3b6b7e7f566	d39bda38cf34864965d21d2da720fde2813723fd
lean/InfoGeometry/Canonical/PrimonVonMangoldtDirichletCapstone.lean	refs/remotes/upstream/apollonius-lambda-dag-topological-closure	ce2c52813f16b860fa16b0534bafa3b6b7e7f566	bdfc0f3ddeafb7284330e526d9c79884859a7316
lean/InfoGeometry/Canonical/ProofTwoCategoryHodgeColimitCapstone.lean	refs/remotes/upstream/apollonius-lambda-dag-topological-closure	ce2c52813f16b860fa16b0534bafa3b6b7e7f566	43a5445782fe22d867939057752c6d9518d999e1
lean/InfoGeometry/Canonical/QuantumFluctuationsCapstone.lean	refs/remotes/upstream/apollonius-lambda-dag-topological-closure	ce2c52813f16b860fa16b0534bafa3b6b7e7f566	3dc5a91deb44cbd4092e4a59867321d1b2becc98
lean/InfoGeometry/Canonical/QuaternionicOperatorComplexStructure.lean	refs/remotes/upstream/logcft-natural-two-object-braiding-v2	3d7c9d46da87bcd29be049167c90336507b549a1	6bb19f798d6d3a2ef175beed712314359fd0c38f
lean/InfoGeometry/Canonical/QuaternionicOperatorLiftCurvature.lean	refs/remotes/upstream/logcft-tensor-coherence-dag	69ff776fd673681792ea2211b34c7cd7d9c4d91a	682c50c838df7455ada03a1f2a1697413616b137
lean/InfoGeometry/Canonical/RHProofClosureCapstone.lean	refs/remotes/upstream/apollonius-lambda-dag-topological-closure	ce2c52813f16b860fa16b0534bafa3b6b7e7f566	cad36957e3f1781ba756e865a415a2dba3763e68
lean/InfoGeometry/Canonical/RapidityAngleApolloniusCapstone.lean	refs/remotes/upstream/apollonius-lambda-dag-topological-closure	ce2c52813f16b860fa16b0534bafa3b6b7e7f566	1979bbf7276276211bea076cfc13eb9f043ef346
lean/InfoGeometry/Canonical/RationalHestenesKreinDiscreteCapstone.lean	refs/remotes/upstream/apollonius-lambda-dag-topological-closure	ce2c52813f16b860fa16b0534bafa3b6b7e7f566	1263fffdad1cac156bc92c36c45215bbb7e141d9
lean/InfoGeometry/Canonical/RationalHodgeKreinBridgeCapstone.lean	refs/remotes/upstream/apollonius-lambda-dag-topological-closure	ce2c52813f16b860fa16b0534bafa3b6b7e7f566	708052c00d4a606acb3bef27fa23cf284383c3bc
lean/InfoGeometry/Canonical/RefinementLoopShadow.lean	refs/remotes/upstream/consolidate/class2	853ee0baa46be4db5d1fc1726ba1374bc02c9e5d	18b4a55fa3d8cefba91befe8fb2439894238bd42
lean/InfoGeometry/Canonical/RiemannVonMangoldtStaircaseCapstone.lean	refs/remotes/upstream/apollonius-lambda-dag-topological-closure	ce2c52813f16b860fa16b0534bafa3b6b7e7f566	d9ca428be10e9fdf860b6653e7c527cc2e39e106
lean/InfoGeometry/Canonical/STAMaxwellThoriumCapstone.lean	refs/remotes/upstream/apollonius-lambda-dag-topological-closure	ce2c52813f16b860fa16b0534bafa3b6b7e7f566	2d91ae623ab0d15102a64dbdd4baa0dc7c303c9a
lean/InfoGeometry/Canonical/SchurDecompositionCapstone.lean	refs/remotes/upstream/apollonius-lambda-dag-topological-closure	ce2c52813f16b860fa16b0534bafa3b6b7e7f566	33c06c0901c2ca9704896bfab87823ef8aeee884
lean/InfoGeometry/Canonical/SelfConcordantLogGeneratingLyapunovDiagnostics.lean	refs/remotes/upstream/apollonius-lambda-dag-topological-closure	ce2c52813f16b860fa16b0534bafa3b6b7e7f566	6ba1054cfb0cbe282592f2f0f72f77f020259b99
lean/InfoGeometry/Canonical/SiegelResonanceCapstone.lean	refs/remotes/upstream/apollonius-lambda-dag-topological-closure	ce2c52813f16b860fa16b0534bafa3b6b7e7f566	34f90814c7ee568850e220bec36f73b4599d83fe
lean/InfoGeometry/Canonical/SiegelWeilKudlaRallisBridgeCapstone.lean	refs/remotes/upstream/apollonius-lambda-dag-topological-closure	ce2c52813f16b860fa16b0534bafa3b6b7e7f566	7431aad5fb0d83c2669d4b3fabbced1f494c4e76
lean/InfoGeometry/Canonical/SiegelWeilKudlaRallisCapstone.lean	refs/remotes/upstream/apollonius-lambda-dag-topological-closure	ce2c52813f16b860fa16b0534bafa3b6b7e7f566	71d6f948e9ac889085e1cde44b83b4ca6ebd9e70
lean/InfoGeometry/Canonical/SklyaninSoVCapstone.lean	refs/remotes/upstream/apollonius-lambda-dag-topological-closure	ce2c52813f16b860fa16b0534bafa3b6b7e7f566	6666c235740639601c9f3e220064cd6d1993c9cd
lean/InfoGeometry/Canonical/SouriauApolloniusEntropyFoliationCapstone.lean	refs/remotes/upstream/apollonius-lambda-dag-topological-closure	ce2c52813f16b860fa16b0534bafa3b6b7e7f566	d67a28a3b6fe6937c382233b9e6d4ef9d3a0e5d2
lean/InfoGeometry/Canonical/SouriauKaehlerKleinBottleBridge.lean	refs/remotes/upstream/apollonius-lambda-dag-topological-closure	ce2c52813f16b860fa16b0534bafa3b6b7e7f566	1476f6f50bb65d200bd79ee71e64cf2b243f6da5
lean/InfoGeometry/Canonical/SouriauKaehlerKleinBottleCapstone.lean	refs/remotes/upstream/apollonius-lambda-dag-topological-closure	ce2c52813f16b860fa16b0534bafa3b6b7e7f566	395338aae0247af6cee199f50adf38fb267f3cc2
lean/InfoGeometry/Canonical/SpectralTripleApolloniusCapstone.lean	refs/remotes/upstream/apollonius-lambda-dag-topological-closure	ce2c52813f16b860fa16b0534bafa3b6b7e7f566	3d3f1537ef5314fbf8dc0132577bc968ac7c9f62
lean/InfoGeometry/Canonical/SplitG2AlbertJordanCompatibility.lean	refs/remotes/upstream/berezinian-gaussian-factorization	77fad7c7eb45b06639548599132c37ef67eb70a2	1f16f5abff71284529a5b67a14d8c8f5fd5ea97c
lean/InfoGeometry/Canonical/StressTensorCentralChargeCapstone.lean	refs/remotes/upstream/apollonius-lambda-dag-topological-closure	ce2c52813f16b860fa16b0534bafa3b6b7e7f566	fbc2cf6d530242c0b7139d15c1196aee7806191b
lean/InfoGeometry/Canonical/SuperHolographicMonadCapstone.lean	refs/remotes/upstream/apollonius-lambda-dag-topological-closure	ce2c52813f16b860fa16b0534bafa3b6b7e7f566	bff730a463d181f235cd19b9084059f812ca4d10
lean/InfoGeometry/Canonical/SuperOnsagerCentralChargeSplit.lean	refs/remotes/upstream/consolidate/class2	853ee0baa46be4db5d1fc1726ba1374bc02c9e5d	c8e33b7852c4eef92c64f50226a6e2bf961949c5
lean/InfoGeometry/Canonical/SuperchargeAlgebraCapstone.lean	refs/remotes/upstream/apollonius-lambda-dag-topological-closure	ce2c52813f16b860fa16b0534bafa3b6b7e7f566	058d833dcc3a6d95ef8c4af691d6f5be76ad27cc
lean/InfoGeometry/Canonical/ThermodynamicBetheAnsatzCapstone.lean	refs/remotes/upstream/apollonius-lambda-dag-topological-closure	ce2c52813f16b860fa16b0534bafa3b6b7e7f566	23df324dbfeb32041942d7fbc18cb129be613a64
lean/InfoGeometry/Canonical/TomitaTakesakiBostConnesKMSCapstone.lean	refs/remotes/upstream/apollonius-lambda-dag-topological-closure	ce2c52813f16b860fa16b0534bafa3b6b7e7f566	cce084dac26ef31d5bde52583f1b6a51ed1124e2
lean/InfoGeometry/Canonical/TomitaTakesakiModularSpacetimeEmergenceCapstone.lean	refs/remotes/upstream/apollonius-lambda-dag-topological-closure	ce2c52813f16b860fa16b0534bafa3b6b7e7f566	15c75b99d2908cf7e962c82817ecade148ad3124
lean/InfoGeometry/Canonical/TopologicalGap.lean	refs/remotes/upstream/fusion/upstream-intake-20260419	8a21ddf205515edba35832f9cffc3ce50698e126	82ee11e3668b9c05e3621bfe39e22bef08f7c8ce
lean/InfoGeometry/Canonical/TriFactorCodexLawsCapstone.lean	refs/remotes/upstream/apollonius-lambda-dag-topological-closure	ce2c52813f16b860fa16b0534bafa3b6b7e7f566	af944a3105703c0ffa81beee73300a67f862a7c0
lean/InfoGeometry/Canonical/TriFactorHolographicMasterCapstone.lean	refs/remotes/upstream/apollonius-lambda-dag-topological-closure	ce2c52813f16b860fa16b0534bafa3b6b7e7f566	9e94e03ed865c3ab66347847aed308ed589922eb
lean/InfoGeometry/Canonical/VerlindeDefectFusionCapstone.lean	refs/remotes/upstream/apollonius-lambda-dag-topological-closure	ce2c52813f16b860fa16b0534bafa3b6b7e7f566	397f1d9d9684831223848c5c604b82d5a03592db
lean/InfoGeometry/Canonical/WeylChiralHodgeCurvatureSplit.lean	refs/remotes/upstream/logcft-tensor-coherence-dag	69ff776fd673681792ea2211b34c7cd7d9c4d91a	546499186336d8f0f2d91d32f481ce9bdd831249
lean/InfoGeometry/Canonical/WilsonHooftDefectsCapstone.lean	refs/remotes/upstream/apollonius-lambda-dag-topological-closure	ce2c52813f16b860fa16b0534bafa3b6b7e7f566	a2d71942adc39ab148a46278e69d09699b422050
lean/InfoGeometry/Categorical/LogJordanHadjiivanovBraidingBridge.lean	refs/remotes/upstream/logcft-natural-two-object-braiding	8c4cbe295e2e1ca92740f4b752a1792f1db170d2	dcaaf8f61f8d8cfe6314fe1a396dbd5eab0d54bc
lean/InfoGeometry/Categorical/LogNilpotentHadjiivanovBraidedCategory.lean	refs/remotes/upstream/logcft-natural-two-object-braiding	8c4cbe295e2e1ca92740f4b752a1792f1db170d2	8d476756a271ab081660b9a7c89d9ad0313b2e42
lean/InfoGeometry/Categorical/LogNilpotentHadjiivanovExponential.lean	refs/remotes/upstream/logcft-natural-two-object-braiding	8c4cbe295e2e1ca92740f4b752a1792f1db170d2	976449a932bfac9a6279aff06a638f08eaf8506f
lean/InfoGeometry/Categorical/LogNilpotentHadjiivanovHexagonAlgebra.lean	refs/remotes/upstream/logcft-natural-two-object-braiding	8c4cbe295e2e1ca92740f4b752a1792f1db170d2	b503264925a231428d058edd7941f7b503f7494e
lean/InfoGeometry/Categorical/LogNilpotentPhysicalBraidedCategory.lean	refs/remotes/upstream/logcft-natural-two-object-braiding-v2	3d7c9d46da87bcd29be049167c90336507b549a1	5c55529b10dbca5d3e4edc4adf7102825d434d19
lean/InfoGeometry/Categorical/LogNilpotentPhysicalBraiding.lean	refs/remotes/upstream/logcft-natural-two-object-braiding-v2	3d7c9d46da87bcd29be049167c90336507b549a1	9da392df6a5a4da1fef7c25403c97dec850ab6fe
lean/InfoGeometry/Categorical/LogNilpotentPhysicalBraidingHexagon.lean	refs/remotes/upstream/logcft-natural-two-object-braiding-v2	3d7c9d46da87bcd29be049167c90336507b549a1	6fd3e800e6915166099379e3829a6453454af22e
lean/InfoGeometry/Categorical/PrimeThermodynamicLimitCapstone.lean	refs/remotes/upstream/agent/arnold-kohno-flat-connection	fd5064db75a5bf0ed214708eb07264bcdcf6ef50	1496be3f11e0ce365e6181f5d3dded0f6d668cd3
lean/InfoGeometry/Categorical/PrimonParafermionGrandCanonicalColimitCapstone.lean	refs/remotes/upstream/agent/arnold-kohno-flat-connection	fd5064db75a5bf0ed214708eb07264bcdcf6ef50	b181f023c652a6b857b930ce47f2fa56d4999267
lean/InfoGeometry/EntropicInferenceTest.lean	refs/remotes/upstream/fix/entropic-inference-marginal-assemble	e672ff1c8310c07369df410def6f15da62e0fba7	3bed593ed6a0c2112765b3d6e962f92260432893
lean/InfoGeometry/Eval/ClosureDebtTest.lean	refs/remotes/upstream/agent/native-gauss-jordan	e62f14790448d6abce7e64a33fb0a06b1e5ccc3f	0cae061646fe11b0493f9d4a891da66b105d19db
lean/InfoGeometry/External/Auto/master_equation.lean	refs/remotes/upstream/agent/amari-zorn-commutator-bridge	8cd3e260a44326d0ecb286d86c8da8f132fdb397	f6c352bedd8c2308a4033da67b7dfc3b17641bdc
lean/InfoGeometry/Foo.lean	refs/remotes/upstream/codex/audit-codebase-and-fix-build-errors	e550ed253b8fb8d2117754d64643b46031dfca81	5b23959f53914f902f8970075b3fcc992c44e483
lean/InfoGeometry/GrandUnification/ProjectiveCharacterGWBridgeChecks.lean	refs/remotes/upstream/copilot/add-drazin-projector-properties	db2741fcbdfbb619937a7d32df64d83483ab45ad	31f01fbc7e2e88338210a8785aeb8606edf53e9a
lean/InfoGeometry/GrandUnification/SpectralThermalNormalizationChecks.lean	refs/remotes/upstream/codex/design-arango-resident-proof-economy-system	70c875f9a3fdcd58b2afc074d6c317fb0ba7971e	95a6bd79e44c940f5a9405f7e9e060174a6166c0
lean/InfoGeometry/MasterCapstone/GrandUnifiedQuantumArithmeticHologram.lean	refs/remotes/upstream/apollonius-lambda-dag-topological-closure	ce2c52813f16b860fa16b0534bafa3b6b7e7f566	c3a35bf7cb5022e4734fbd6c52898c7775338729
lean/InfoGeometry/New.lean	refs/remotes/upstream/fix/entropic-inference-marginal-assemble	e672ff1c8310c07369df410def6f15da62e0fba7	a1adbed5a16143dd6a3594ca3ad17d9ae3d1d3f7
lean/InfoGeometry/Physics/WheelerItFromBit.lean	refs/remotes/upstream/agent/freudenthal-fivegrade-mixed-jacobi	2613ed03a87e3e9dab2ec7eef4f9b30a55ff600e	f07e3cbaeda46fe12a5f1959745c63a7f88bffbb
lean/InfoGeometry/Projective/ProjectiveLogarithmicBoundaryGeometry.lean	refs/remotes/upstream/agent/freudenthal-fivegrade-mixed-jacobi	2613ed03a87e3e9dab2ec7eef4f9b30a55ff600e	8b8313676808ea470b02a358c6f015f7a0d85fa5
lean/InfoGeometry/Quantum/GrandUnifiedQuantumArithmeticHologram.lean	refs/remotes/upstream/apollonius-lambda-dag-topological-closure	ce2c52813f16b860fa16b0534bafa3b6b7e7f566	db6880291ead546ef23fdcb45af193cac25f36c4
lean/InfoGeometry/QuantumGeometry/Projective_backup/Basic.lean	refs/remotes/upstream/consolidate/class2	853ee0baa46be4db5d1fc1726ba1374bc02c9e5d	04c3f0a5f6ab22757b65086ab27fb8c6acc0761a
lean/InfoGeometry/QuantumGeometry/Projective_backup/QGT.lean	refs/remotes/upstream/consolidate/class2	853ee0baa46be4db5d1fc1726ba1374bc02c9e5d	68ee2a5ceb23e8b77b913d630cf11116a10befbe
lean/InfoGeometry/Relativity/OliveiraMaiaZornWeylFrame.lean	refs/remotes/upstream/consolidate/class2	853ee0baa46be4db5d1fc1726ba1374bc02c9e5d	9c2b9e742743dd72f7095fb029b0953e2e9b952d
lean/InfoGeometry/Relativity/SO44LorentzZornEmbedding.lean	refs/remotes/upstream/consolidate/class2	853ee0baa46be4db5d1fc1726ba1374bc02c9e5d	69ed567e6f16aa9a74b605dff5b24389eb616b8e
lean/InfoGeometry/Trace.lean	refs/remotes/upstream/fusion/upstream-intake-20260419	8a21ddf205515edba35832f9cffc3ce50698e126	842b730fb56f6038e9ad505a53591b5f783b9f48
lean/SplitOctonionBraidSU3.lean	refs/remotes/upstream/agent/amari-zorn-commutator-bridge	8cd3e260a44326d0ecb286d86c8da8f132fdb397	3c98bf50d271ba3667797c2cd7b2a8e62257e87b
lean/YangBaxterQSwap.lean	refs/remotes/upstream/agent/amari-zorn-commutator-bridge	8cd3e260a44326d0ecb286d86c8da8f132fdb397	e83377c5698074e07ef4384fdc05ddae17622890
lean/YangBaxterZornBridge.lean	refs/remotes/upstream/agent/amari-zorn-commutator-bridge	8cd3e260a44326d0ecb286d86c8da8f132fdb397	efe961cc9a650dde5acdba63a0686de5ef900dbc
lean/ZornScalingFlow.lean	refs/remotes/upstream/agent/amari-zorn-commutator-bridge	8cd3e260a44326d0ecb286d86c8da8f132fdb397	0e8f6d122490de5c9618178182c94bdded27c3fa
lean/scripts/generated_blueprints.lean	refs/remotes/upstream/codex/add-blueprint-tag-generation-script	03340e23fc58e4ec7ed7770e668a94cd782f5569	294ab4f6583c9e4a200843d8958b50af9980aeb6
lean/trace_comm.lean	refs/remotes/upstream/fusion/upstream-intake-20260419	8a21ddf205515edba35832f9cffc3ce50698e126	df0b3640a6d8f71e2f01e77d5b06aefcda738d01
lean/trace_commutator_proof.lean	refs/remotes/upstream/fusion/upstream-intake-20260419	8a21ddf205515edba35832f9cffc3ce50698e126	01fbee4c8ad8d6560713780ffcffb45f55f8a596
