theta,unregulated_barrier,sber_style_barrier
0.000000000000000000e+00,3.453877639491068408e+01,6.931471805599633829e-01
1.259155372180277739e-02,8.739590183739871065e+00,9.245124549664642810e-01
2.518310744360555478e-02,7.353692226304309187e+00,1.122442276829894281e+00
3.777466116540833391e-02,6.543422777902295095e+00,1.289658894179825488e+00
5.036621488721110956e-02,5.968983907582638082e+00,1.428164601631860986e+00
6.295776860901389216e-02,5.523886786229916801e+00,1.539787894021684922e+00
7.554932233081666781e-02,5.160698618048487063e+00,1.626507638639757225e+00
8.814087605261944347e-02,4.854117483186112025e+00,1.690590332618021385e+00
1.007324297744222191e-01,4.589040575552577828e+00,1.734578724963937724e+00
1.133239834962249948e-01,4.355726466735134750e+00,1.761183716215214634e+00
1.259155372180277843e-01,4.147523973975853373e+00,1.773136263919042888e+00
1.385070909398305461e-01,3.959689279868235268e+00,1.773046336887822205e+00
1.510986446616333356e-01,3.788719929571309653e+00,1.763297128949913306e+00
1.636901983834360974e-01,3.631956328403057821e+00,1.745983641091453986e+00
1.762817521052388869e-01,3.487331342966978998e+00,1.722891378921543426e+00
1.888733058270416487e-01,3.353206500515279131e+00,1.695504641297122417e+00
2.014648595488444383e-01,3.228261161096558141e+00,1.665032986495198264e+00
2.140564132706472278e-01,3.111415348109803247e+00,1.632446432877082687e+00
2.266479669924499896e-01,3.001774670227416841e+00,1.598512795361200389e+00
2.392395207142527791e-01,2.898590155128187185e+00,1.563833169962976832e+00
2.518310744360555686e-01,2.801228398379693285e+00,1.528873542213578407e+00
2.644226281578583304e-01,2.709149003459313310e+00,1.493991788338790316e+00
2.770141818796610922e-01,2.621887275189510369e+00,1.459460096207574775e+00
2.896057356014638540e-01,2.539040763826272418e+00,1.425483220702093323e+00
3.021972893232666713e-01,2.460258675485392565e+00,1.392213144133787939e+00
3.147888430450694330e-01,2.385233446194725104e+00,1.359760736391355751e+00
3.273803967668721948e-01,2.313693969995407329e+00,1.328204966457867009e+00
3.399719504886750121e-01,2.245400106270940999e+00,1.297600145670986471e+00
3.525635042104777739e-01,2.180138186991343208e+00,1.267981605238859721e+00
3.651550579322805357e-01,2.117717313229617204e+00,1.239370136978667158e+00
3.777466116540832974e-01,2.057966280336899878e+00,1.211775461701114498e+00
3.903381653758861147e-01,2.000731008057249127e+00,1.185198935411518439e+00
4.029297190976888765e-01,1.945872379379632866e+00,1.159635659123583240e+00
4.155212728194916383e-01,1.893264412662645002e+00,1.135076122433229306e+00
4.281128265412944556e-01,1.842792707349546255e+00,1.111507482703615324e+00
4.407043802630972174e-01,1.794353115711306179e+00,1.088914559432363038e+00
4.532959339848999791e-01,1.747850602442559076e+00,1.067280605921160141e+00
4.658874877067027409e-01,1.703198261264108559e+00,1.046587906744495644e+00
4.784790414285055582e-01,1.660316463450253188e+00,1.026818238898498992e+00
4.910705951503083200e-01,1.619132117765665235e+00,1.007953226245331235e+00
5.036621488721111373e-01,1.579578024937995373e+00,9.899746104330602314e-01
5.162537025939138990e-01,1.541592312714560986e+00,9.728644564575578135e-01
5.288452563157166608e-01,1.505117939910487257e+00,9.566053071236749750e-01
5.414368100375194226e-01,1.470102259770877939e+00,9.411802976108120111e-01
5.540283637593221844e-01,1.436496634532908212e+00,9.265732389616951892e-01
5.666199174811249462e-01,1.404256094356444828e+00,9.127686774445428197e-01
5.792114712029277079e-01,1.373339034849424989e+00,8.997519352732943343e-01
5.918030249247305807e-01,1.343706948290505299e+00,8.875091370194231333e-01
6.043945786465333425e-01,1.315324184380789685e+00,8.760272251433346424e-01
6.169861323683361043e-01,1.288157736966181854e+00,8.652939673601460768e-01
6.295776860901388661e-01,1.262177053683894989e+00,8.552979579922788123e-01
6.421692398119416278e-01,1.237353865918402018e+00,8.460286150175601039e-01
6.547607935337443896e-01,1.213662036817806600e+00,8.374761741713041552e-01
6.673523472555471514e-01,1.191077425432644388e+00,8.296316811844238748e-01
6.799439009773500242e-01,1.169577765304880668e+00,8.224869830217661493e-01
6.925354546991527860e-01,1.149142556062946685e+00,8.160347188134149388e-01
7.051270084209555478e-01,1.129752966775357859e+00,8.102683110373458675e-01
7.177185621427583095e-01,1.111391749985970456e+00,8.051819574070468999e-01
7.303101158645610713e-01,1.094043165502587067e+00,8.007706238367577889e-01
7.429016695863638331e-01,1.077692913140992470e+00,7.970300387952536925e-01
7.554932233081665949e-01,1.062328073741716228e+00,7.939566893130207692e-01
7.680847770299694677e-01,1.047937057879344103e+00,7.915478188744252686e-01
7.806763307517722295e-01,1.034509561776364883e+00,7.898014274039232285e-01
7.932678844735749912e-01,1.022036530017171430e+00,7.887162735417823090e-01
8.058594381953777530e-01,1.010510124734679493e+00,7.882918793989777129e-01
8.184509919171805148e-01,9.999237010135346715e-01,7.885285379819085838e-01
8.310425456389832766e-01,9.902717883214352534e-01,7.894273234847467569e-01
8.436340993607860383e-01,9.815500778449832708e-01,7.909901046601899299e-01
8.562256530825889111e-01,9.737554156698375873e-01,7.932195614979210552e-01
8.688172068043916729e-01,9.668858018080122019e-01,7.961192054642278748e-01
8.814087605261944347e-01,9.609403951390858012e-01,7.996934035862132140e-01
8.940003142479971965e-01,9.559195243980834755e-01,8.039474067001639579e-01
9.065918679697999583e-01,9.518247054121771189e-01,8.088873822266196001e-01
9.191834216916027200e-01,9.486586648625028317e-01,8.145204518851837383e-01
9.317749754134054818e-01,9.464253709279027982e-01,8.208547348212457129e-01
9.443665291352083546e-01,9.451300712560507522e-01,8.278993966858042564e-01
9.569580828570111164e-01,9.447793388062568631e-01,8.356647052900956218e-01
9.695496365788138782e-01,9.453811262196711862e-01,8.441620935507269108e-01
9.821411903006166400e-01,9.469448294995017612e-01,8.534042305509328408e-01
9.947327440224194017e-01,9.494813619295968676e-01,8.634051016723843786e-01
1.007324297744222275e+00,9.530032393284513237e-01,8.741800989033409186e-01
1.019915851466024925e+00,9.575246779323551838e-01,8.857461226073453098e-01
1.032507405187827798e+00,9.630617064321604914e-01,8.981216962476999965e-01
1.045098958909630449e+00,9.696322939604415936e-01,9.113270958134019883e-01
1.057690512631433322e+00,9.772564961490788349e-01,9.253844959906893930e-01
1.070282066353235972e+00,9.859566217629976981e-01,9.403181354813766601e-01
1.082873620075038845e+00,9.957574228785653903e-01,9.561545042981213216e-01
1.095465173796841718e+00,1.006686312133211914e+00,9.729225563843932889e-01
1.108056727518644369e+00,1.018773611249497169e+00,9.906539515344834346e-01
1.120648281240447242e+00,1.032052835861557272e+00,1.009383331353368218e+00
1.133239834962249892e+00,1.046561022682744202e+00,1.029148634932360418e+00
1.145831388684052765e+00,1.062339106299265756e+00,1.049991461068817244e+00
1.158422942405855416e+00,1.079432354419596951e+00,1.071957485284714240e+00
1.171014496127658289e+00,1.097890872336946710e+00,1.095096941675399282e+00
1.183606049849461161e+00,1.117770189782469004e+00,1.119465181845958446e+00
1.196197603571263812e+00,1.139131946407072160e+00,1.145123326000780484e+00
1.208789157293066685e+00,1.162044696026669710e+00,1.172139024819042419e+00
1.221380711014869336e+00,1.186584854766473907e+00,1.200587355314008065e+00
1.233972264736672209e+00,1.212837824709437795e+00,1.230551879762886713e+00
1.246563818458474859e+00,1.240899333096282753e+00,1.262125904454576508e+00
1.259155372180277732e+00,1.270877038243892088e+00,1.295413985058426976e+00
1.271746925902080605e+00,1.302892468139801307e+00,1.330533738744895444e+00
1.284338479623883256e+00,1.337083377556423258e+00,1.367618041037721444e+00
1.296930033345686128e+00,1.373606636573229789e+00,1.406817709548807249e+00
1.309521587067488779e+00,1.412641800635091371e+00,1.448304809878658839e+00
1.322113140789291652e+00,1.454395564249262973e+00,1.492276764975972725e+00
1.334704694511094303e+00,1.499107374033646467e+00,1.538961514060853908e+00
1.347296248232897176e+00,1.547056582766584087e+00,1.588624059936957877e+00
1.359887801954700048e+00,1.598571681258002197e+00,1.641574878442802810e+00
1.372479355676502699e+00,1.654042376599162090e+00,1.698180863844338084e+00
1.385070909398305572e+00,1.713935638968643982e+00,1.758879786798521971e+00
1.397662463120108223e+00,1.778817391900199940e+00,1.824199710623323867e+00
1.410254016841911096e+00,1.849382408488812413e+00,1.894785557325061820e+00
1.422845570563713746e+00,1.926496445460898377e+00,1.971436235354951050e+00
1.435437124285516619e+00,2.011257166132002450e+00,2.055157806132216880e+00
1.448028678007319492e+00,2.105084898946042227e+00,2.147241796190320073e+00
1.460620231729122143e+00,2.209862686878725668e+00,2.249384431106426607e+00
1.473211785450925015e+00,2.328161708830934096e+00,2.363875477749984189e+00
1.485803339172727666e+00,2.463623304458580243e+00,2.493911984118269753e+00
1.498394892894530539e+00,2.621649542259252286e+00,2.644151370080217944e+00
1.510986446616333190e+00,2.810760042587605145e+00,2.821763120186568941e+00
1.523578000338136063e+00,3.045575211382835601e+00,3.038639651833937361e+00
1.536169554059938935e+00,3.354527214288323567e+00,3.316745552216584514e+00
1.548761107781741586e+00,3.805679758037995075e+00,3.704161876848547585e+00
1.561352661503544459e+00,4.652515149780146686e+00,4.346012069534415545e+00
1.573944215225347110e+00,5.751034951213890523e+00,6.652174446819437925e+00
1.586535768947149982e+00,4.141874506977036852e+00,4.568570695893015454e+00
1.599127322668952633e+00,3.554735343649767731e+00,3.815546921763143917e+00
1.611718876390755506e+00,3.188028280445984297e+00,3.391458284323583428e+00
1.624310430112558379e+00,2.921152512336328666e+00,3.095186796758867764e+00
1.636901983834361030e+00,2.711602529537167072e+00,2.867536289407635053e+00
1.649493537556163902e+00,2.539379641551074762e+00,2.682844589373122979e+00
1.662085091277966553e+00,2.393462125494981940e+00,2.527636066665595038e+00
1.674676644999769426e+00,2.267125581049279859e+00,2.393950094544869067e+00
1.687268198721572077e+00,2.155963930288414154e+00,2.276689945470101062e+00
1.699859752443374949e+00,2.056932913803950935e+00,2.172395122382565269e+00
1.712451306165177822e+00,1.967841098778785769e+00,2.078608312563041682e+00
1.725042859886980473e+00,1.887058513089818979e+00,1.993521681521475797e+00
1.737634413608783346e+00,1.813339991350168212e+00,1.915766514940589138e+00
1.750225967330585997e+00,1.745712972162369647e+00,1.844281692028542974e+00
1.762817521052388869e+00,1.683403438319131862e+00,1.778227998799816634e+00
1.775409074774191520e+00,1.625785426091774122e+00,1.716930353085982963e+00
1.788000628495994393e+00,1.572345639164667297e+00,1.659837695282489367e+00
1.800592182217797266e+00,1.522658049892905874e+00,1.606494435018202216e+00
1.813183735939599917e+00,1.476365285585082177e+00,1.556519675468901465e+00
1.825775289661402789e+00,1.433164734912057536e+00,1.509591804098704637e+00
1.838366843383205440e+00,1.392798007458280196e+00,1.465436868059552644e+00
1.850958397105008313e+00,1.355042820134486625e+00,1.423819671058138558e+00
1.863549950826810964e+00,1.319706669623514017e+00,1.384536861440090139e+00
1.876141504548613836e+00,1.286621839175214221e+00,1.347411500112552396e+00
1.888733058270416709e+00,1.255641415982907461e+00,1.312288743895569709e+00
1.901324611992219360e+00,1.226636083495571627e+00,1.279032380488362097e+00
1.913916165714022233e+00,1.199491514755007149e+00,1.247522021297598149e+00
1.926507719435824884e+00,1.174106236764636435e+00,1.217650807948155389e+00
1.939099273157627756e+00,1.150389867580823511e+00,1.189323523885762013e+00
1.951690826879430407e+00,1.128261650973729324e+00,1.162455028372881838e+00
1.964282380601233280e+00,1.107649230631256199e+00,1.136968949249086425e+00
1.976873934323036153e+00,1.088487618687637326e+00,1.112796585033079655e+00
1.989465488044838803e+00,1.070718323035427577e+00,1.089875977638312676e+00
2.002057041766641454e+00,1.054288605261791689e+00,1.068151125105048393e+00
2.014648595488444549e+00,1.039150846731946354e+00,1.047571309990455113e+00
2.027240149210247200e+00,1.025262004752775846e+00,1.028090523886415308e+00
2.039831702932049851e+00,1.012583144199758589e+00,1.009666972301465515e+00
2.052423256653852501e+00,1.001079032709527805e+00,9.922626471044455609e-01
2.065014810375655596e+00,9.907177896985150944e-01,9.758429560719482643e-01
2.077606364097458247e+00,9.814705811924597789e-01,9.603764009508128918e-01
2.090197917819260898e+00,9.733113538379463137e-01,9.458342969466182470e-01
2.102789471541063993e+00,9.662166025886389509e-01,9.321905277600534001e-01
2.115381025262866643e+00,9.601651674712969875e-01,9.194213312765812107e-01
2.127972578984669294e+00,9.551380555831643360e-01,9.075051118183378174e-01
2.140564132706471945e+00,9.511182850864533522e-01,8.964222755274839916e-01
2.153155686428275040e+00,9.480907484734630852e-01,8.861550859957583182e-01
2.165747240150077690e+00,9.460420927980986994e-01,8.766875377083928056e-01
2.178338793871880341e+00,9.449606149224178964e-01,8.680052452495312654e-01
2.190930347593683436e+00,9.448361701233116694e-01,8.600953465350394955e-01
2.203521901315486087e+00,9.456600926549146857e-01,8.529464186083841604e-01
2.216113455037288738e+00,9.474251270751996579e-01,8.465484047652716004e-01
2.228705008759091388e+00,9.501253693272146972e-01,8.408925519703681628e-01
2.241296562480894483e+00,9.537562167220769993e-01,8.359713577007402696e-01
2.253888116202697134e+00,9.583143261066844332e-01,8.317785255006886480e-01
2.266479669924499785e+00,9.637975796178730459e-01,8.283089286656051264e-01
2.279071223646302879e+00,9.702050575295668722e-01,8.255585815919116444e-01
2.291662777368105530e+00,9.775370177929210147e-01,8.235246184391002977e-01
2.304254331089908181e+00,9.857948819538027152e-01,8.222052788510918475e-01
2.316845884811710832e+00,9.949812272090818865e-01,8.215999005799958788e-01
2.329437438533513927e+00,1.005099784434785981e+00,8.217089189481134870e-01
2.342028992255316577e+00,1.016155442086687621e+00,8.225338731758515820e-01
2.354620545977119228e+00,1.028154255938713124e+00,8.240774196962366016e-01
2.367212099698922323e+00,1.041103464687888280e+00,8.263433526730872281e-01
2.379803653420724974e+00,1.055011511517613743e+00,8.293366320419822690e-01
2.392395207142527624e+00,1.069888071775054073e+00,8.330634195034574141e-01
2.404986760864330275e+00,1.085744086984461010e+00,8.375311230192128420e-01
2.417578314586133370e+00,1.102591805487644683e+00,8.427484504978386415e-01
2.430169868307936021e+00,1.120444830076798848e+00,8.487254735104817760e-01
2.442761422029738672e+00,1.139318173064923334e+00,8.554737020535656544e-01
2.455352975751541766e+00,1.159228319326763623e+00,8.630061715807091360e-01
2.467944529473344417e+00,1.180193297940270725e+00,8.713375437660770828e-01
2.480536083195147068e+00,1.202232763167179197e+00,8.804842227448956837e-01
2.493127636916949719e+00,1.225368085633704585e+00,8.904644889140562736e-01
2.505719190638752814e+00,1.249622454711501129e+00,9.012986527795761038e-01
2.518310744360555464e+00,1.275020993258088264e+00,9.130092318243803184e-01
2.530902298082358115e+00,1.301590886058983321e+00,9.256211539600589511e-01
2.543493851804161210e+00,1.329361523525438571e+00,9.391619918461604488e-01
2.556085405525963861e+00,1.358364662447752780e+00,9.536622332440065630e-01
2.568676959247766511e+00,1.388634605891464258e+00,9.691555936624710599e-01
2.581268512969569162e+00,1.420208404660793233e+00,9.856793789074760337e-01
2.593860066691372257e+00,1.453126083150865222e+00,1.003274906839472180e+00
2.606451620413174908e+00,1.487430892880121425e+00,1.021987999772109301e+00
2.619043174134977559e+00,1.523169597552802568e+00,1.041869561641505681e+00
2.631634727856780653e+00,1.560392794167800634e+00,1.062976257514386180e+00
2.644226281578583304e+00,1.599155275489187789e+00,1.085371317422666682e+00
2.656817835300385955e+00,1.639516440155857291e+00,1.109125492236517907e+00
2.669409389022188606e+00,1.681540757871718306e+00,1.134318196765883524e+00
2.682000942743991700e+00,1.725298298533114227e+00,1.161038885137302801e+00
2.694592496465794351e+00,1.770865335879299174e+00,1.189388716610934704e+00
2.707184050187597002e+00,1.818325038375936176e+00,1.219482587642006122e+00
2.719775603909400097e+00,1.867768262665162604e+00,1.251451629974352331e+00
2.732367157631202748e+00,1.919294468175355206e+00,1.285446307556223688e+00
2.744958711353005398e+00,1.973012775558248943e+00,1.321640291074985818e+00
2.757550265074808049e+00,2.029043196747310152e+00,1.360235353953503701e+00
2.770141818796611144e+00,2.087518070925226343e+00,1.401467627045376529e+00
2.782733372518413795e+00,2.148583748974699947e+00,1.445615685649907833e+00
2.795324926240216445e+00,2.212402579642303468e+00,1.493011145375529924e+00
2.807916479962019540e+00,2.279155264460343666e+00,1.544052751559095160e+00
2.820508033683822191e+00,2.349043666541582809e+00,1.599225425911531051e+00
2.833099587405624842e+00,2.422294182219653091e+00,1.659126497922408738e+00
2.845691141127427493e+00,2.499161816327206243e+00,1.724502602856429423e+00
2.858282694849230587e+00,2.579935144803969571e+00,1.796302857458384583e+00
2.870874248571033238e+00,2.664942406847309986e+00,1.875757680177263076e+00
2.883465802292835889e+00,2.754559049663896975e+00,1.964499548981623489e+00
2.896057356014638984e+00,2.849217162116139956e+00,2.064755452801144919e+00
2.908648909736441635e+00,2.949417394552911187e+00,2.179668664742217654e+00
2.921240463458244285e+00,3.055744194800708691e+00,2.313869800219344075e+00
2.933832017180046936e+00,3.168885532710863373e+00,2.474570746669818799e+00
2.946423570901850031e+00,3.289658799695716063e+00,2.673884732888632154e+00
2.959015124623652682e+00,3.419045358611879859e+00,2.934505789004979714e+00
2.971606678345455332e+00,3.558237460458449242e+00,3.307052037798676292e+00
2.984198232067258427e+00,3.708703251881164675e+00,3.949554858380667888e+00
2.996789785789061078e+00,3.872278948715920155e+00,6.992943734444249770e+00
3.009381339510863729e+00,4.051303050739783806e+00,3.983819510385357088e+00
3.021972893232666380e+00,4.248817938441442621e+00,3.228861842274507676e+00
3.034564446954469474e+00,4.468884023250716098e+00,2.774155724511006227e+00
3.047156000676272125e+00,4.717091446792970544e+00,2.436188600211456556e+00
3.059747554398074776e+00,5.001440133202839533e+00,2.158170373625739380e+00
3.072339108119877871e+00,5.333960760463752671e+00,1.914257459725219324e+00
3.084930661841680521e+00,5.733979723832527853e+00,1.689809986053832702e+00
3.097522215563483172e+00,6.235550981043380681e+00,1.475019015018414148e+00
3.110113769285285823e+00,6.907702454492017807e+00,1.262234326842789356e+00
3.122705323007088918e+00,7.928825130532117349e+00,1.044564563209242625e+00
3.135296876728891569e+00,1.012578545059945156e+01,8.149290698651533438e-01
3.147888430450694219e+00,1.012578545059967006e+01,5.651818689227600112e-01
3.160479984172497314e+00,7.928825130532143106e+00,2.850153356246442615e-01
3.173071537894299965e+00,6.907702454492062216e+00,-3.977398773424010298e-02
3.185663091616102616e+00,6.235550981043412655e+00,-4.305534452666934242e-01
3.198254645337905266e+00,5.733979723832552722e+00,-9.230872706543165052e-01
3.210846199059708361e+00,5.333960760463759776e+00,-1.586973070493024940e+00
3.223437752781511012e+00,5.001440133202855520e+00,-2.596057644257185881e+00
3.236029306503313663e+00,4.717091446792985643e+00,-4.718443384832698761e+00
3.248620860225116758e+00,4.468884023250720539e+00,-5.028064176985896694e+00
3.261212413946919408e+00,4.248817938441454167e+00,-2.770684392785175643e+00
3.273803967668722059e+00,4.051303050739793576e+00,-1.781691923414342904e+00
3.286395521390524710e+00,3.872278948715929037e+00,-1.165396929689343830e+00
3.298987075112327805e+00,3.708703251881167340e+00,-7.352048510881413756e-01
3.311578628834130456e+00,3.558237460458457235e+00,-4.187261407707164595e-01
3.324170182555933106e+00,3.419045358611886964e+00,-1.794252560599693680e-01
3.336761736277736201e+00,3.289658799695718283e+00,4.247869952589682953e-03
3.349353289999538852e+00,3.168885532710869146e+00,1.463598722686403897e-01
3.361944843721341503e+00,3.055744194800714908e+00,2.567258800505437533e-01
3.374536397443144153e+00,2.949417394552916516e+00,3.424979805557175627e-01
3.387127951164947248e+00,2.849217162116141733e+00,4.090355525837545136e-01
3.399719504886749899e+00,2.754559049663902304e+00,4.604285332099612438e-01
3.412311058608552550e+00,2.664942406847314871e+00,4.998368989352536818e-01
3.424902612330355645e+00,2.579935144803971347e+00,5.297240101029632164e-01
3.437494166052158295e+00,2.499161816327210239e+00,5.520236596547389851e-01
3.450085719773960946e+00,2.422294182219656644e+00,5.682629534824832351e-01
3.462677273495763597e+00,2.349043666541586362e+00,5.796543187866678437e-01
3.475268827217566692e+00,2.279155264460344998e+00,5.871652121257548984e-01
3.487860380939369342e+00,2.212402579642306577e+00,5.915713686664509918e-01
3.500451934661171993e+00,2.148583748974703056e+00,5.934977341902507586e-01
3.513043488382975088e+00,2.087518070925227676e+00,5.934500939806018893e-01
3.525635042104777739e+00,2.029043196747312816e+00,5.918396289997553961e-01
3.538226595826580390e+00,1.973012775558251608e+00,5.890020673944261764e-01
3.550818149548383040e+00,1.919294468175358093e+00,5.852126876153276314e-01
3.563409703270186135e+00,1.867768262665163714e+00,5.806981241813004013e-01
3.576001256991988786e+00,1.818325038375938618e+00,5.756456990416680686e-01
3.588592810713791437e+00,1.770865335879301838e+00,5.702108301818108460e-01
3.601184364435594532e+00,1.725298298533115338e+00,5.645229399394147141e-01
3.613775918157397182e+00,1.681540757871720748e+00,5.586901877630141566e-01
3.626367471879199833e+00,1.639516440155859511e+00,5.528032779616814940e-01
3.638959025601002484e+00,1.599155275489190009e+00,5.469385365082483075e-01
3.651550579322805579e+00,1.560392794167801300e+00,5.411604078037035581e-01
3.664142133044608229e+00,1.523169597552804788e+00,5.355234892266004243e-01
3.676733686766410880e+00,1.487430892880123867e+00,5.300741958367276574e-01
3.689325240488213975e+00,1.453126083150865888e+00,5.248521279447770915e-01
3.701916794210016626e+00,1.420208404660795010e+00,5.198911990212351508e-01
3.714508347931819277e+00,1.388634605891465590e+00,5.152205695591159929e-01
3.727099901653621927e+00,1.358364662447754334e+00,5.108654232408957885e-01
3.739691455375425022e+00,1.329361523525439237e+00,5.068476144941638228e-01
3.752283009097227673e+00,1.301590886058984653e+00,5.031862107999830469e-01
3.764874562819030324e+00,1.275020993258089375e+00,4.998979485966772440e-01
3.777466116540833418e+00,1.249622454711501573e+00,4.969976180348947281e-01
3.790057670262636069e+00,1.225368085633705695e+00,4.944983889836114255e-01
3.802649223984438720e+00,1.202232763167180529e+00,4.924120884042633151e-01
3.815240777706241371e+00,1.180193297940272057e+00,4.907494373797804399e-01
3.827832331428044466e+00,1.159228319326763845e+00,4.895202546125618781e-01
3.840423885149847116e+00,1.139318173064924000e+00,4.887336320166977832e-01
3.853015438871649767e+00,1.120444830076799292e+00,4.883980870674534680e-01
3.865606992593452862e+00,1.102591805487644905e+00,4.885216957899371493e-01
3.878198546315255513e+00,1.085744086984461454e+00,4.891122096333849756e-01
3.890790100037058163e+00,1.069888071775054961e+00,4.901771589594738909e-01
3.903381653758860814e+00,1.055011511517614409e+00,4.917239454502309037e-01
3.915973207480663909e+00,1.041103464687888280e+00,4.937599253957434264e-01
3.928564761202466560e+00,1.028154255938713790e+00,4.962924855398878066e-01
3.941156314924269211e+00,1.016155442086687843e+00,4.993291129324691768e-01
3.953747868646072305e+00,1.005099784434786203e+00,5.028774600495323766e-01
3.966339422367874956e+00,9.949812272090823306e-01,5.069454062930047744e-01
3.978930976089677607e+00,9.857948819538029372e-01,5.115411168606505132e-01
3.991522529811480258e+00,9.775370177929214588e-01,5.166730998829581756e-01
4.004114083533282908e+00,9.702050575295672052e-01,5.223502626516723923e-01
4.016705637255086003e+00,9.637975796178732679e-01,5.285819677123817506e-01
4.029297190976889098e+00,9.583143261066844332e-01,5.353780895589671518e-01
4.041888744698691305e+00,9.537562167220772213e-01,5.427490726493299222e-01
4.054480298420494400e+00,9.501253693272151413e-01,5.507059914587808525e-01
4.067071852142297494e+00,9.474251270751995468e-01,5.592606132993410695e-01
4.079663405864099701e+00,9.456600926549150188e-01,5.684254646601134553e-01
4.092254959585902796e+00,9.448361701233116694e-01,5.782139018662375562e-01
4.104846513307705003e+00,9.449606149224174523e-01,5.886401869128650155e-01
4.117438067029508098e+00,9.460420927980986994e-01,5.997195694075456718e-01
4.130029620751311192e+00,9.480907484734628632e-01,6.114683756515153501e-01
4.142621174473113399e+00,9.511182850864533522e-01,6.239041060105080527e-01
4.155212728194916494e+00,9.551380555831644470e-01,6.370455418723597329e-01
4.167804281916719589e+00,9.601651674712969875e-01,6.509128636665579837e-01
4.180395835638521795e+00,9.662166025886389509e-01,6.655277816357242360e-01
4.192987389360324890e+00,9.733113538379458696e-01,6.809136813080785000e-01
4.205578943082127985e+00,9.814705811924597789e-01,6.970957859324028449e-01
4.218170496803930192e+00,9.907177896985149834e-01,7.141013385144140413e-01
4.230762050525733287e+00,1.001079032709527361e+00,7.319598065501855544e-01
4.243353604247536381e+00,1.012583144199758589e+00,7.507031131068295782e-01
4.255945157969338588e+00,1.025262004752775180e+00,7.703658985763819356e-01
4.268536711691141683e+00,1.039150846731946576e+00,7.909858182555623562e-01
4.281128265412943890e+00,1.054288605261790357e+00,8.126038819203057484e-01
4.293719819134746984e+00,1.070718323035426689e+00,8.352648428193795160e-01
4.306311372856550079e+00,1.088487618687637104e+00,8.590176450705961919e-01
4.318902926578352286e+00,1.107649230631254866e+00,8.839159403912054680e-01
4.331494480300155381e+00,1.128261650973728436e+00,9.100186875428437627e-01
4.344086034021958476e+00,1.150389867580823289e+00,9.373908509704130809e-01
4.356677587743760682e+00,1.174106236764634659e+00,9.661042190639453908e-01
4.369269141465563777e+00,1.199491514755006261e+00,9.962383675444699271e-01
4.381860695187366872e+00,1.226636083495570961e+00,1.027881800041018145e+00
4.394452248909169079e+00,1.255641415982906350e+00,1.061133306500068096e+00
4.407043802630972174e+00,1.286621839175213333e+00,1.096103591368883245e+00
4.419635356352775268e+00,1.319706669623513573e+00,1.132917238535865456e+00
4.432226910074577475e+00,1.355042820134484405e+00,1.171715100247975982e+00
4.444818463796380570e+00,1.392798007458279086e+00,1.212657224767282660e+00
4.457410017518182777e+00,1.433164734912054872e+00,1.255926475483046589e+00
4.470001571239985871e+00,1.476365285585079290e+00,1.301733047211526051e+00
4.482593124961788966e+00,1.522658049892905208e+00,1.350320160568445838e+00
4.495184678683591173e+00,1.572345639164663744e+00,1.401971323564009886e+00
4.507776232405394268e+00,1.625785426091771235e+00,1.457019708320371976e+00
4.520367786127197363e+00,1.683403438319130974e+00,1.515860428179914843e+00
4.532959339848999569e+00,1.745712972162364762e+00,1.578966863167740486e+00
4.545550893570802664e+00,1.813339991350165548e+00,1.646912749527298825e+00
4.558142447292605759e+00,1.887058513089817424e+00,1.720402662279153949e+00
4.570734001014407966e+00,1.967841098778781328e+00,1.800315034567782302e+00
4.583325554736211060e+00,2.056932913803947827e+00,1.887764460108222631e+00
4.595917108458014155e+00,2.155963930288412378e+00,1.984194681428626872e+00
4.608508662179816362e+00,2.267125581049273642e+00,2.091522401769349671e+00
4.621100215901619457e+00,2.393462125494977055e+00,2.212369391611680225e+00
4.633691769623421663e+00,2.539379641551063216e+00,2.350457165552247041e+00
4.646283323345224758e+00,2.711602529537156858e+00,2.511323470892168785e+00
4.658874877067027853e+00,2.921152512336324225e+00,2.703737975237187285e+00
4.671466430788830060e+00,3.188028280445962093e+00,2.942839292121331329e+00
4.684057984510633155e+00,3.554735343649743751e+00,3.258338933775260848e+00
4.696649538232436250e+00,4.141874506977021753e+00,3.722553428949818777e+00
4.709241091954238456e+00,5.751034951213600976e+00,4.616840452568737874e+00
4.721832645676041551e+00,4.652515149780195536e+00,5.425227617213864484e+00
4.734424199397844646e+00,3.805679758038006177e+00,3.980106343337288077e+00
4.747015753119646853e+00,3.354527214288343107e+00,3.412870460012487062e+00
4.759607306841449947e+00,3.045575211382845815e+00,3.053694201835479127e+00
4.772198860563253042e+00,2.810760042587608698e+00,2.790528287340334757e+00
4.784790414285055249e+00,2.621649542259261167e+00,2.582938469455247965e+00
4.797381968006858344e+00,2.463623304458585572e+00,2.411677652190689081e+00
4.809973521728660550e+00,2.328161708830942977e+00,2.266062519237573181e+00
4.822565075450463645e+00,2.209862686878731441e+00,2.139543395064095410e+00
4.835156629172266740e+00,2.105084898946044003e+00,2.027813410837811414e+00
4.847748182894068947e+00,2.011257166132009111e+00,1.927888701755643197e+00
4.860339736615872042e+00,1.926496445460902596e+00,1.837616592169597940e+00
4.872931290337675136e+00,1.849382408488813967e+00,1.755393012973019307e+00
4.885522844059477343e+00,1.778817391900205047e+00,1.679990661904552152e+00
4.898114397781280438e+00,1.713935638968646202e+00,1.610449591741115460e+00
4.910705951503083533e+00,1.654042376599162978e+00,1.546004845050783283e+00
4.923297505224885739e+00,1.598571681258004862e+00,1.486037033052600043e+00
4.935889058946688834e+00,1.547056582766585864e+00,1.430037647290258063e+00
4.948480612668491929e+00,1.499107374033647355e+00,1.377584129150758452e+00
4.961072166390294136e+00,1.454395564249265194e+00,1.328321578211403731e+00
4.973663720112097231e+00,1.412641800635093148e+00,1.281949084941966799e+00
4.986255273833899437e+00,1.373606636573232453e+00,1.238209352245191575e+00
4.998846827555702532e+00,1.337083377556424812e+00,1.196880699720522578e+00
5.011438381277505627e+00,1.302892468139801974e+00,1.157770823057330256e+00
5.024029934999307834e+00,1.270877038243894086e+00,1.120711865745777303e+00
5.036621488721110929e+00,1.240899333096284085e+00,1.085556485400726912e+00
5.049213042442914023e+00,1.212837824709438461e+00,1.052174683268614519e+00
5.061804596164716230e+00,1.186584854766475905e+00,1.020451225984263299e+00
5.074396149886519325e+00,1.162044696026670154e+00,9.902835317181011288e-01
5.086987703608322420e+00,1.139131946407072604e+00,9.615799239538405097e-01
5.099579257330124626e+00,1.117770189782470114e+00,9.342581788817250210e-01
5.112170811051927721e+00,1.097890872336947155e+00,9.082443092263503548e-01
5.124762364773730816e+00,1.079432354419597173e+00,8.834715399247825562e-01
5.137353918495533023e+00,1.062339106299266867e+00,8.598794405937520979e-01
5.149945472217336118e+00,1.046561022682744424e+00,8.374131869931669137e-01
5.162537025939138324e+00,1.032052835861558160e+00,8.160229292904196408e-01
5.175128579660941419e+00,1.018773611249498057e+00,7.956632492763535680e-01
5.187720133382744514e+00,1.006686312133211914e+00,7.762926920856719759e-01
5.200311687104546721e+00,9.957574228785659454e-01,7.578733606567218395e-01
5.212903240826349816e+00,9.859566217629984752e-01,7.403705632954261651e-01
5.225494794548152910e+00,9.772564961490790569e-01,7.237525064105262418e-01
5.238086348269955117e+00,9.696322939604422597e-01,7.079900258566845794e-01
5.250677901991758212e+00,9.630617064321609355e-01,6.930563514303814676e-01
5.263269455713561307e+00,9.575246779323556279e-01,6.789268999658560899e-01
5.275861009435363513e+00,9.530032393284515457e-01,6.655790932171414820e-01
5.288452563157166608e+00,9.494813619295969787e-01,6.529921973207158947e-01
5.301044116878969703e+00,9.469448294995016502e-01,6.411471811371576290e-01
5.313635670600771910e+00,9.453811262196712972e-01,6.300265911899313176e-01
5.326227224322575005e+00,9.447793388062570852e-01,6.196144412712599747e-01
5.338818778044377211e+00,9.451300712560507522e-01,6.098961150817860943e-01
5.351410331766180306e+00,9.464253709279024651e-01,6.008582805228669388e-01
5.364001885487983401e+00,9.486586648625030538e-01,5.924888144763390541e-01
5.376593439209785608e+00,9.518247054121768969e-01,5.847767370932707154e-01
5.389184992931588702e+00,9.559195243980830314e-01,5.777121547764351162e-01
5.401776546653391797e+00,9.609403951390858012e-01,5.712862111857304193e-01
5.414368100375194004e+00,9.668858018080119798e-01,5.654910457256938638e-01
5.426959654096997099e+00,9.737554156698373653e-01,5.603197590932484928e-01
5.439551207818800194e+00,9.815500778449830488e-01,5.557663855751049375e-01
5.452142761540602400e+00,9.902717883214348094e-01,5.518258718908247706e-01
5.464734315262405495e+00,9.999237010135344494e-01,5.484940624824097277e-01
5.477325868984208590e+00,1.010510124734679493e+00,5.457676912573072858e-01
5.489917422706010797e+00,1.022036530017170763e+00,5.436443799019818890e-01
5.502508976427813892e+00,1.034509561776364439e+00,5.421226430011228947e-01
5.515100530149616098e+00,1.047937057879343437e+00,5.412019003268607742e-01
5.527692083871419193e+00,1.062328073741715562e+00,5.408824968075058859e-01
5.540283637593222288e+00,1.077692913140992248e+00,5.411657308515960274e-01
5.552875191315024495e+00,1.094043165502585957e+00,5.420538918968126341e-01
5.565466745036827589e+00,1.111391749985970012e+00,5.435503082826088628e-01
5.578058298758630684e+00,1.129752966775357415e+00,5.456594068200788517e-01
5.590649852480432891e+00,1.149142556062945575e+00,5.483867857653454969e-01
5.603241406202235986e+00,1.169577765304879780e+00,5.517393033096176236e-01
5.615832959924039081e+00,1.191077425432643944e+00,5.557251842008652520e-01
5.628424513645841287e+00,1.213662036817805046e+00,5.603541477357543155e-01
5.641016067367644382e+00,1.237353865918400908e+00,5.656375611413385629e-01
5.653607621089447477e+00,1.262177053683894767e+00,5.715886233505717007e-01
5.666199174811249684e+00,1.288157736966180522e+00,5.782225854257615483e-01
5.678790728533052778e+00,1.315324184380788797e+00,5.855570154823119822e-01
5.691382282254854985e+00,1.343706948290503522e+00,5.936121180229774197e-01
5.703973835976658080e+00,1.373339034849423435e+00,6.024111202621097449e-01
5.716565389698461175e+00,1.404256094356444162e+00,6.119807415079872026e-01
5.729156943420263381e+00,1.436496634532905770e+00,6.223517662674202811e-01
5.741748497142066476e+00,1.470102259770876163e+00,6.335597478431692631e-01
5.754340050863869571e+00,1.505117939910486591e+00,6.456458773803221973e-01
5.766931604585671778e+00,1.541592312714558544e+00,6.586580643957360426e-01
5.779523158307474873e+00,1.579578024937993819e+00,6.726522899702237490e-01
5.792114712029277968e+00,1.619132117765664791e+00,6.876943147179269689e-01
5.804706265751080174e+00,1.660316463450250524e+00,7.038618529274123237e-01
5.817297819472883269e+00,1.703198261264107005e+00,7.212473657477861400e-01
5.829889373194686364e+00,1.747850602442559076e+00,7.399616858746080883e-01
5.842480926916488571e+00,1.794353115711303515e+00,7.601387730834384682e-01
5.855072480638291665e+00,1.842792707349544923e+00,7.819420288093364979e-01
5.867664034360093872e+00,1.893264412662641449e+00,8.055727925778505272e-01
5.880255588081896967e+00,1.945872379379629979e+00,8.312819430595674852e-01
5.892847141803700062e+00,2.000731008057247795e+00,8.593859995111327033e-01
5.905438695525502268e+00,2.057966280336895881e+00,8.902898844695983360e-01
5.918030249247305363e+00,2.117717313229614540e+00,9.245197824958903965e-01
5.930621802969108458e+00,2.180138186991342319e+00,9.627717221576749251e-01
5.943213356690910665e+00,2.245400106270937002e+00,1.005985428172172291e+00
5.955804910412713760e+00,2.313693969995404665e+00,1.055460317933078151e+00
5.968396464134516854e+00,2.385233446194723772e+00,1.113044956414878772e+00
5.980988017856319061e+00,2.460258675485387680e+00,1.181461609328768425e+00
5.993579571578122156e+00,2.539040763826269309e+00,1.264896415518645290e+00
6.006171125299925251e+00,2.621887275189509925e+00,1.370158471128042565e+00
6.018762679021727457e+00,2.709149003459308869e+00,1.509204834178597077e+00
6.031354232743530552e+00,2.801228398379690621e+00,1.705519403414454516e+00
6.043945786465332759e+00,2.898590155128179635e+00,2.014460601097869841e+00
6.056537340187135854e+00,3.001774670227411956e+00,2.624720419316348252e+00
6.069128893908938949e+00,3.111415348109800583e+00,4.941325229167493838e+00
6.081720447630741155e+00,3.228261161096549703e+00,2.158237093645625215e+00
6.094312001352544250e+00,3.353206500515273802e+00,1.306871127477987615e+00
6.106903555074347345e+00,3.487331342966975889e+00,6.792130297352927393e-01
6.119495108796149552e+00,3.631956328403048495e+00,1.081645246007882505e-01
6.132086662517952647e+00,3.788719929571302991e+00,-4.816425375699698308e-01
6.144678216239755741e+00,3.959689279868232159e+00,-1.161392322192519089e+00
6.157269769961557948e+00,4.147523973975841827e+00,-2.053455482038808455e+00
6.169861323683361043e+00,4.355726466735126756e+00,-3.523491259942761911e+00
6.182452877405164138e+00,4.589040575552575163e+00,-1.016710415766771369e+01
6.195044431126966344e+00,4.854117483186096038e+00,-3.430484627994017988e+00
6.207635984848769439e+00,5.160698618048477293e+00,-2.086266979199532301e+00
6.220227538570571646e+00,5.523886786229886603e+00,-1.287001848256353442e+00
6.232819092292374741e+00,5.968983907582613213e+00,-7.122409745829690886e-01
6.245410646014177836e+00,6.543422777902278220e+00,-2.612056510081509075e-01
6.258002199735980042e+00,7.353692226304239909e+00,1.100851659346032962e-01
6.270593753457783137e+00,8.739590183739782248e+00,4.240635832418308548e-01
6.283185307179586232e+00,3.453877639491068408e+01,6.931471805599587199e-01
