module	status
InfoGeometry.Research.All	PASS
InfoGeometry.Research.AnomalyInflow	PASS
InfoGeometry.Research.Attention	PASS
InfoGeometry.Research.AttentionEuclidean	PASS
InfoGeometry.Research.AttentionSplit	PASS
InfoGeometry.Research.BeliefAlgebra	PASS
InfoGeometry.Research.BeliefDynamics	PASS
InfoGeometry.Research.BerryPhase	PASS
InfoGeometry.Research.BregmanTriality	PASS
InfoGeometry.Research.CartanDecomposition	PASS
InfoGeometry.Research.CayleyBregmanBridge	PASS
InfoGeometry.Research.ChiralAction	PASS
InfoGeometry.Research.ChiralAnomaly	PASS
InfoGeometry.Research.ChiralCliffordBridge	PASS
InfoGeometry.Research.ChiralRGFlow	PASS
InfoGeometry.Research.CliffordBridge	PASS
InfoGeometry.Research.ConformalAlgebra	PASS
InfoGeometry.Research.ConformalUnification	PASS
InfoGeometry.Research.ConformalWard	PASS
InfoGeometry.Research.CurvatureRGFlow	PASS
InfoGeometry.Research.Drazin	PASS
InfoGeometry.Research.DualConnections	PASS
InfoGeometry.Research.FormalScaffold	PASS
InfoGeometry.Research.GaugeUnified	PASS
InfoGeometry.Research.GrandUnification	PASS
InfoGeometry.Research.GrandUnificationBlueprint	PASS
InfoGeometry.Research.GrandUnificationMetric	PASS
InfoGeometry.Research.HeatKernel	PASS
InfoGeometry.Research.IB	PASS
InfoGeometry.Research.InformationNumber	PASS
InfoGeometry.Research.InformationTorsion	PASS
InfoGeometry.Research.KaehlerGeometry	PASS
InfoGeometry.Research.KreinLadder	PASS
InfoGeometry.Research.LLN	PASS
InfoGeometry.Research.LorentzianRouting	PASS
InfoGeometry.Research.ManifoldHomology	PASS
InfoGeometry.Research.MixtureOfExperts	PASS
InfoGeometry.Research.MoorePenrose	PASS
InfoGeometry.Research.PathIntegral	PASS
InfoGeometry.Research.QuantumInference	PASS
InfoGeometry.Research.RGFlow	PASS
InfoGeometry.Research.Rosetta	PASS
InfoGeometry.Research.SpectralInference	PASS
InfoGeometry.Research.SuperInference	PASS
InfoGeometry.Research.TopologicalEuler	PASS
InfoGeometry.Research.TopologicalInvariants	PASS
InfoGeometry.Research.Triality	PASS
