PR	HEAD	COMMITS	LEAN_FILES
1	6db8ed7bbcb890185a47d85656a7580faf027a32	3	3
2	4765d08562b620522f1d35a282aa71813622a9b3	2	0
3	fdf3f031a11afbad94439ca0920278b9df00729c	34	90
4	03340e23fc58e4ec7ed7770e668a94cd782f5569	100	242
5	199a319ef9fb4008514ceac07b2674ee3e007fc5	103	242
6	ce4ff3d5b062f3a77ee0ebe521f4d378d3b81bc3	129	358
7	e550ed253b8fb8d2117754d64643b46031dfca81	132	358
8	7655942efb9f9d4d3076b2231bed296592a68127	135	358
9	c0eb3a67f98f2cb12367753910bbaa83966fd35a	138	358
10	f77f0f89db3910f7152891340076d5364a51bbbc	141	358
11	a14a46e38259cfd199de0ce7764b52144ab1aadf	287	524
12	182b8ec413d507f0a90531f2ba1ccd05c0af1f51	825	1392
13	281042db1a908aafb5b35ee51efd058434a62529	825	1392
14	70c875f9a3fdcd58b2afc074d6c317fb0ba7971e	828	1392
15	715a5e70cec9ad5c10d40b955356be8db757b05c	828	1392
16	ee617721fd89aba726e0289af7d99697ef85e631	831	1392
17	0248d37ed3c784353916dacf2e4f21e5857e6622	834	1392
18	b16ee2c16689bff7bf48363bb8b057a8fc4aa257	837	1392
19	fdcf5467be59a7183b4fa47f270125eb76a53830	840	1392
20	c9bd8eacd70379d5081cf758e02ff7200ecbb77f	843	1392
21	4c43d5627d08ace4a3a061684f60be8291f77396	846	1392
22	db2741fcbdfbb619937a7d32df64d83483ab45ad	953	1700
23	9a77a23897e86ad2a86b5c6884f987b6fb0b919b	1062	1906
24	e62f14790448d6abce7e64a33fb0a06b1e5ccc3f	4220	4210
25	94b8d9b516fbb25b241cba07c18776ec9af78d20	4894	16292
26	cd9cda2e72378ba6100dfb7a92d03193f7a04e70	4924	16299
27	dbdd5981805b777ae570ffbfcc21ab8e5b312c1e	4895	16292
28	8cd3e260a44326d0ecb286d86c8da8f132fdb397	4911	16300
29	63749f0e6e457d5ce332b5c0d85532776d11b397	4906	16297
30	1901d262d094a63726d80b8a6f8ba9bde5301933	4907	16297
31	64b05a2fac1a002035edd38c4154e7b7af8f46b1	4908	16297
32	1ee229d658f9939db8a067b7bacbe274baf05df8	5861	21287
33	8a4531fc2820bd378d4996bca0ae8ee7b4df9319	5921	21441
34	3033e9cce35ad71b11b47d9ccda90a292efca883	5913	21441
35	a2b0af4c50550febf1a46b2eb696c05e9dbf1abd	5912	21440
36	791d786baa3d83ae7710fb0f2ab29261d0d6c7e4	5920	21442
37	b1b282db38bb776a695f541ad0372501721add1e	6050	21502
38	fb42b52dde5cf63f650e027f25be2ebff1ac891f	6046	21502
39	a4f1f9c81ed3d1b36b311df285c442e87a178060	6051	21503
40	1c9296db2ec1f4f97853e0304599ad9e53b68fa5	6048	21502
41	a4a2134419be03108aaffa071c4d78d9d4465fc7	6051	21503
42	29fc861ca9b9175dbfe8c65bcb4f20e06622c832	6049	21502
43	14a464b09f97523a6da870ee63e9e208e2b73272	6047	21502
44	5c891f3fdcc51ed33ce510f359e37a5755334315	6048	21502
45	34094d2c1edfd4126f0b79df9fce7f8826524a8e	6048	21503
46	6d29456d60bbb34fc0139ae91d6678ead2969a6b	6045	21502
47	4f232b0a652844b736fe14b3e26641d5817d75fa	6045	21502
48	cdf106c47ba846029bb2a2a33e3828875030f9d5	6046	21502
49	364a6ca94f86e0a5bee21c85ffec72d90bcaafcd	6048	21503
50	08974ba677f93f3eeb5324627b05e09a20266cd0	6048	21502
51	079fc6ff9417ad0776ee44000c1e67c2cbadcba3	6050	21502
52	6b59aa6f7a320a836893bddf839a3680131fba22	6046	21503
53	fb2afde8da25899b7f0fa5515d2a01d1ea2909c0	6047	21503
54	f46704bc1849d75c6e1a946e4beb1ce17f225fa9	6049	21504
55	c9dc9d541392fa404b47d34d71452a63c1fd39ac	6050	21504
56	7743a66e2372b02df302f8b522b76884c88fc487	6045	21502
57	d56afc0adcb8d5d3fbe5b1a98bdc746acd6f7590	6045	21502
58	49ee4b19c928758fab390a6df15589724cca2285	6045	21502
59	21bd34d088e1b7dbdfe0962e3ec0d15e13688a13	6045	21502
60	7c2809c433a41810a416dc5561577b9cb068d5d2	6046	21502
61	caa7426db84c42c9eec5e6df4ec62601849cfd10	6046	21502
62	3179c9ebe2fa472d1119f33018b10c1c31fe3fd1	6046	21502
63	9e9667898f0418062d222da9fcafc9d6826c58a1	6073	21728
64	844ae86884b84bb11415b2a7c9c6e5a133ac1f5d	6086	21825
65	c698c5ff22c246e274a8498fb036e5ccfb242a43	6086	21826
66	6b801eac7508be9445aa92a275a7cadfabe82f25	6087	21825
67	39abf7b6920920723be19d2fa8af0c632bc83b21	6087	21825
68	0b9c0a0607a4388276ed7e64149a1ef14e06104c	6086	21825
69	2b1d87143e277b5a202f87c981c089fb521a843e	6141	22000
70	306c9ddbea9b2cd4ca8a7328695a4d9a7498d634	6147	22001
71	945e9a49c0c31ee8fdcdb4042916192006ec3c02	6160	22051
72	a144c7f71cfad60b1e50299d0580615022a00ddc	6154	22048
73	4c63f41f07babb69471d1a786012357b3148b258	6162	22051
74	fe63539a0769ae748d0d40eae401805a7c7570df	6158	22057
75	37bebe5a570cf9017e5f9baab57436e7f315edd9	6155	22054
76	8610b45b6ca5adac5684174af21e08511b3cdd74	6156	22055
77	fd5064db75a5bf0ed214708eb07264bcdcf6ef50	6155	22054
78	38c3bf895ccaa5fc200a05566ffee133ed06ccfd	6157	22056
79	1b9f9e59989d84bc84bdb1c90a40bd61c7bb863b	6161	22058
80	d5882412cd284025fded0dbfbbb9f9550a1846bf	6502	22737
81	9dcf3c592411c70cbcbcadc25b9418d6d7a7eda2	6512	22741
82	216532892ed9d8c1f6e55d82b05790a009b0c571	6508	22741
83	8f365f703863be6c0e5c27b2e01ab1c068a5520c	6509	22742
84	759e57fd5604086b16bbdd1243e2e4ac6554a572	6517	22744
85	03e2b4a8ae680b1669b91f1cf3561d9bcab22445	6517	22769
86	e1b7bf0a6722cfcfbc1c158cbb5f92c052b0876f	6515	22767
87	2986d92ca16022720c4c7fea72c6828c4aad24a2	6550	22780
88	0b33631de82d944a1ca2811a98837c9d92862744	6631	22847
89	3481f67e85699f687e1f6e5b3847005a712d07de	6660	22859
90	057ef5a011b73eac93f97045f7031d420e9554df	6670	22866
91	6b2b7362409dc6c282a7dc42f20101ff4773fc03	6665	22864
92	bb1c72f048b77c5e54a5b3149ae60353716d29a1	6719	22887
93	b4f3881a68c6dcc6dd4ad46a45bcabf6a4c6d578	6726	22894
94	fa8dbb5c195f92b511a63f1f8a20cae9013cabb9	6520	22797
95	edaf9641fa614b7f72b856169b84308b4bfa0d9b	6531	22807
96	b76f36edd5e22473e21e98b25b145a0b666f849b	6522	22797
97	ce2c52813f16b860fa16b0534bafa3b6b7e7f566	6541	22816
98	3cfcf67694d25d38b0614105138e84162acd5560	6525	23033
99	92b67b408cb456af0d27c849515da7c6859e7760	6523	23033
100	1ddf78084d3bdd131ddba95ca3adc9ebbc6f5a30	6525	23033
101	f931fbc5d60efdcfeb8355937707e6b4cf51f21b	6575	23060
102	d34ae2027603784e2c12464ad64d46dfa1f41c12	6566	23043
103	b4ca2d8ac7cbdad64d45e034014ca5c58504edaf	6524	23033
104	b7ca07af6a7b2947bbe4a07d786043d69dc6a06f	6524	23033
105	5509123106255ab7796223c03d8cef880d79fc1c	6563	23050
106	3b16bc453dd04112c4f6c4398900a3faa3f5cff8	6566	23053
107	c1e0ff05ec049adba085aad14aa792551b118eda	6575	23057
108	015a917ed71a80483c68652fdb4adc0fd31cf47d	6544	23046
109	e040cce9d9b4f5ce47ad2ca806a64d7724c85aca	6523	23033
110	a51703bbf6eac9c9e356a5be6a941a3a35eef2d5	6523	23033
111	5c1c3218589746cf871fd8ffd239d123c179a44f	6553	23052
112	932cf838a43b091f43b2b9d9f3a1909c858415ab	6575	23058
113	e7f4c62181348eddc5d91550eaa44475101e8060	6577	23059
114	d10c5acca14bc571a8af4726f90f17acc0e947a4	6532	23034
115	35437632bd2aa50e2d8b3ff5491b52fc54c8d5e8	6579	23060
116	66b66aa7b02b21d125d45458f582cef963e40546	6525	23033
117	203ff886f9764d2597949e1d1fc62212b0c55040	6528	23036
118	d0b0c93f494d0544037e8439b6bcd741d7f9e1a4	6525	23033
119	19095c5b72f0f2c351e84c7e601f77711db12ecb	6531	23034
120	69ff776fd673681792ea2211b34c7cd7d9c4d91a	6636	23086
121	a1f8c49886e622c0cd67842aa8456a5505ad4e98	6539	23041
122	1d7ab04e8a2e0fb136a121657dfc1036290648ff	6613	23077
123	fd7fde34bcced0498c0373dd56951683998aa450	6524	23033
124	77fad7c7eb45b06639548599132c37ef67eb70a2	6575	23062
125	96cf369654dc5f65ce2e4306c3f0c003e5615722	6524	23033
126	a45b76646e5594f52725e1344b4af1645eddf047	6523	23033
127	5d8f7e0010743cb5c691d1d9bc06211bc2094d06	6524	23033
128	585a528bbceebf4dbb359d86b57871b9d27d138c	6524	23033
129	390ba42cfcb19708c928defdca44ff8dd5bd40ce	6532	23038
130	bedc5e7e9c4022d099086842b44e38e34ba18a98	6546	23047
131	bfaa0f6b035bf1e86405171b528f8405d0f5c522	6529	23036
132	31d1102d4fe96b1c781c6535ebe692314a8cb652	6547	23048
133	d459eb1f7207b40b44e3b945b72e68656e68487a	6551	23052
134	d5820ae220616eb2e4b432373d92e2db06145956	6527	23034
135	57799efa282f6613281406b5e81e0f31e378b97f	6530	23039
